county_fips,county_name,state_fips,state
001,Belknap,33,NH
007,Clatsop,41,OR
063,Clayton,13,GA
129,Pickaway,39,OH
297,Walton,13,GA
059,Greene,47,TN
453,Travis,48,TX
017,Ben Hill,13,GA
049,Cumberland,51,VA
207,Haskell,48,TX
411,San Saba,48,TX
153,Magoffin,21,KY
173,Sedgwick,20,KS
057,Montgomery,36,NY
055,Delaware,19,IA
159,Rowan,37,NC
069,Johnston,40,OK
001,Alachua,12,FL
057,Fulton,42,PA
077,Clay,48,TX
069,Huntington,18,IN
057,Skagit,53,WA
097,Mayes,40,OK
285,Lavaca,48,TX
059,Davie,37,NC
177,Spotsylvania,51,VA
067,Jackson,05,AR
109,Tompkins,36,NY
369,Parmer,48,TX
101,Moody,46,SD
015,Charlotte,12,FL
037,Crawford,20,KS
127,Porter,18,IN
021,Pinal,04,AZ
033,Crawford,05,AR
219,Hockley,48,TX
013,Calhoun,54,WV
019,Lyon,32,NV
037,Sussex,34,NJ
089,Henderson,37,NC
167,Vigo,18,IN
051,Dixon,31,NE
059,Lemhi,16,ID
011,Eureka,32,NV
047,Catoosa,13,GA
019,Ferry,53,WA
013,Duchesne,49,UT
097,Montgomery,05,AR
023,Columbia,12,FL
181,Lincoln,13,GA
075,Pocahontas,54,WV
115,Shawano,55,WI
011,Avery,37,NC
399,Runnels,48,TX
011,Bradley,05,AR
135,Perry,47,TN
075,Lamar,01,AL
009,Benton,28,MS
071,Jackson,01,AL
043,Linn,41,OR
025,Fallon,30,MT
011,Carter,30,MT
033,Escambia,12,FL
225,Webster,29,MO
057,Juneau,55,WI
083,Logan,05,AR
081,Hamilton,31,NE
101,King William,51,VA
063,Greene,01,AL
069,Franklin,37,NC
003,Antelope,31,NE
069,Larimer,08,CO
145,Newton,29,MO
095,Orange,12,FL
087,Jackson,47,TN
089,Henry,51,VA
035,Queen Anne's,24,MD
211,Hemphill,48,TX
075,Jay,18,IN
009,Baldwin,13,GA
025,Clermont,39,OH
157,Randolph,17,IL
071,Greeley,20,KS
009,Blackford,18,IN
123,Ottawa,39,OH
161,Yalobusha,28,MS
105,Perry,05,AR
033,Colbert,01,AL
059,Holmes,12,FL
075,Jones,46,SD
115,Macon,17,IL
133,Seminole,40,OK
105,Elbert,13,GA
033,King,53,WA
047,Columbus,37,NC
005,Ashland,39,OH
043,Dauphin,42,PA
115,Floyd,13,GA
011,Bradley,47,TN
167,Johnson,13,GA
023,Grant,54,WV
109,Culberson,48,TX
117,Montcalm,26,MI
171,Lamar,13,GA
041,Greene,28,MS
175,Seward,20,KS
099,Palm Beach,12,FL
117,Orange,18,IN
075,Levy,12,FL
055,McLean,38,ND
149,Shelby,39,OH
001,Beaverhead,30,MT
145,Stearns,27,MN
169,Winona,27,MN
203,Wichita,20,KS
157,Tippecanoe,18,IN
001,Fairfield,09,CT
257,Stephens,13,GA
183,Wake,37,NC
197,Powell,21,KY
035,Clare,26,MI
059,Fairfax,51,VA
093,Livingston,26,MI
057,Hillsborough,12,FL
167,Washington,39,OH
449,Titus,48,TX
063,Durham,37,NC
005,Bacon,13,GA
001,Adams,39,OH
473,Waller,48,TX
045,Fountain,18,IN
075,Gentry,29,MO
109,Olmsted,27,MN
495,Winkler,48,TX
105,Wirt,54,WV
029,Luna,35,NM
091,Hooker,31,NE
041,Delaware,39,OH
225,Peach,13,GA
013,Campbell,47,TN
095,Marshall,40,OK
087,Morgan,08,CO
005,Litchfield,09,CT
457,Tyler,48,TX
135,Nottoway,51,VA
123,Larue,21,KY
313,Whitfield,13,GA
023,Crawford,55,WI
163,Washington,27,MN
001,Alamance,37,NC
001,Accomack,51,VA
087,McClain,40,OK
149,Prince George,51,VA
027,DeSoto,12,FL
111,Fannin,13,GA
061,Kewaunee,55,WI
047,Fall River,46,SD
053,Grant,05,AR
009,Benewah,16,ID
349,Navarro,48,TX
235,Whitley,21,KY
141,Morgan,29,MO
063,Missoula,30,MT
253,Jones,48,TX
075,Haywood,47,TN
095,Mellette,46,SD
033,Crawford,17,IL
183,Vermilion,17,IL
209,Hays,48,TX
165,Gaines,48,TX
121,Madison,19,IA
051,Hendry,12,FL
395,Robertson,48,TX
143,New Madrid,29,MO
239,Jackson,48,TX
051,Garland,05,AR
085,Humphreys,47,TN
091,Miller,05,AR
085,Hayes,31,NE
001,Adair,21,KY
129,Mills,19,IA
175,Wyandot,39,OH
095,Jackson,29,MO
047,Okanogan,53,WA
123,Yates,36,NY
049,Morrow,41,OR
031,York,23,ME
135,Gwinnett,13,GA
145,Red Willow,31,NE
039,Dallas,05,AR
303,Washington,13,GA
051,Horry,45,SC
137,Monroe,29,MO
097,Morrison,27,MN
015,Chouteau,30,MT
151,Fisher,48,TX
007,Broome,36,NY
139,Richland,39,OH
011,Appomattox,51,VA
413,Schleicher,48,TX
007,Beltrami,27,MN
085,Harrison,19,IA
033,Custer,46,SD
021,Norfolk,25,MA
503,Young,48,TX
081,Harrison,29,MO
027,Eddy,38,ND
087,Lapeer,26,MI
009,Converse,56,WY
313,Madison,48,TX
291,Union,13,GA
027,Hampshire,54,WV
263,Talbot,13,GA
071,Ramsey,38,ND
029,Chase,31,NE
373,Polk,48,TX
121,Macon,29,MO
165,Shelby,19,IA
057,Weber,49,UT
007,Chelan,53,WA
069,Ontario,36,NY
027,Columbia,05,AR
179,Wapello,19,IA
063,Indiana,42,PA
067,Hancock,17,IL
323,Maverick,48,TX
015,Cecil,24,MD
153,Schoolcraft,26,MI
191,Winneshiek,19,IA
051,Clay,21,KY
049,Iowa,55,WI
015,Cowlitz,53,WA
137,Pamlico,37,NC
107,Hopkins,21,KY
017,Cass,38,ND
001,Albany,56,WY
019,Sullivan,33,NH
267,Tattnall,13,GA
055,Highlands,12,FL
079,Prairie,30,MT
029,Flathead,30,MT
017,Deschutes,41,OR
029,Door,55,WI
095,Northampton,42,PA
059,Hot Spring,05,AR
045,Fairfield,39,OH
025,Imperial,06,CA
035,Butts,13,GA
021,Mineral,32,NV
001,Bernalillo,35,NM
075,Powder River,30,MT
041,Brazos,48,TX
155,Marion,21,KY
079,Greene,37,NC
027,Caldwell,37,NC
123,Tallapoosa,01,AL
307,Webster,13,GA
027,Breckinridge,21,KY
161,Waseca,27,MN
069,Dunklin,29,MO
041,Warren,34,NJ
067,Onondaga,36,NY
409,San Patricio,48,TX
047,Gilpin,08,CO
105,Livingston,17,IL
115,Ohio,18,IN
091,Sheridan,30,MT
035,Crittenden,05,AR
075,Cook,13,GA
053,Pierce,53,WA
041,Chowan,37,NC
081,Teton,16,ID
139,Polk,47,TN
063,Grundy,17,IL
067,Langlade,55,WI
137,Lincoln,21,KY
091,Humboldt,19,IA
101,Lawrence,17,IL
143,Roscommon,26,MI
121,Pittsburg,40,OK
053,Cooper,29,MO
053,Madison,36,NY
041,Custer,31,NE
059,Kenosha,55,WI
075,San Francisco,06,CA
019,Berrien,13,GA
003,Anoka,27,MN
005,Boone,54,WV
085,Harnett,37,NC
031,Comanche,40,OK
015,Brown,39,OH
005,Allamakee,19,IA
187,Lumpkin,13,GA
181,White,18,IN
021,Piscataquis,23,ME
019,Benzie,26,MI
143,Sandusky,39,OH
085,Oneida,55,WI
273,Kleberg,48,TX
169,Metcalfe,21,KY
027,Canyon,16,ID
125,Mason,17,IL
209,Scott,21,KY
073,Greene,19,IA
073,Gates,37,NC
157,Fort Bend,48,TX
097,Marion,18,IN
059,Hancock,18,IN
287,Lee,48,TX
017,Charles,24,MD
005,Atchison,20,KS
107,Lafayette,29,MO
055,Greene,05,AR
141,St. Joseph,18,IN
057,Hubbard,27,MN
131,Miller,29,MO
065,Hamilton,17,IL
061,New York,36,NY
041,Cumberland,42,PA
127,Nemaha,31,NE
039,Cherokee,37,NC
133,Sunflower,28,MS
169,Pulaski,29,MO
005,Bay,12,FL
269,King,48,TX
021,Collier,12,FL
057,Hempstead,05,AR
067,Cobb,13,GA
131,Duval,48,TX
041,El Paso,08,CO
127,Massac,17,IL
141,Patrick,51,VA
139,Rush,18,IN
053,Jasper,45,SC
003,New Castle,10,DE
123,Taylor,12,FL
051,Grant,27,MN
185,Warren,37,NC
099,Walsh,38,ND
317,Martin,48,TX
027,Brooks,13,GA
095,Tyler,54,WV
057,Dade,29,MO
051,Cole,29,MO
057,Tillamook,41,OR
007,Alpena,26,MI
187,Stanton,20,KS
069,Coffee,13,GA
169,Saline,20,KS
127,Union,46,SD